,RandomForest,mutual_info,polyfit,pearson,spearman,matrix,polarity
adduct_+Cl,0.00015849640405528234,0.028170896030732084,143.64445503652587,0.08982080830008647,0.05693548595350782,9AA,negative
adduct_+H,0.0,0.005715219163560992,142.81321739447642,0.10377020956080174,0.15567734555315185,9AA,negative
adduct_+K,0.0,0.022701716310056685,142.81321739447628,0.10377020956080166,0.15567734555315185,9AA,negative
adduct_+Na,0.0,0.021750970025994132,142.81321739447455,0.10377020956080173,0.15567734555315185,9AA,negative
adduct_-H,0.3998398304337277,0.17499286943514614,86.90553476142232,0.5768869467725284,0.6700671640037873,9AA,negative
adduct_[M]+,0.0,0.03705288960709563,142.81321739447222,0.10377020956080077,0.15567734555315185,9AA,negative
adduct_[M]-,0.010422951029678613,0.0533582476580694,144.08995969185938,0.07198530022923726,0.10429326774468764,9AA,negative
pka_strongest_acidic,0.05798525899029261,0.02978881286670898,1163.7159425026027,0.11702011813817141,0.027503721066818216,9AA,negative
pka_strongest_basic,0.04410656916715941,0.0043412966371780826,1182.726958361942,0.02670851276664195,0.014042323973736504,9AA,negative
polar_surface_area,0.23112362160251504,0.029147509784494652,1140.7180253396957,0.17982790041101415,0.13329940370221907,9AA,negative
polarizability,0.10638609058990547,0.013734562059688038,1190.1048670854873,0.0654824232085052,0.029539870301282942,9AA,negative
acceptor_count,0.012958195362814761,0.04870472034434581,1142.2250850769904,0.17391269322546213,0.12813936228625414,9AA,negative
donor_count,0.043110653308180064,0.0028848736546756015,1154.7368799525411,0.16312404527768853,0.13202003085274913,9AA,negative
physiological_charge,0.09390833311167104,0.05298709916148958,1037.6710681651648,0.17655127677105711,0.06538917501562044,9AA,negative
adduct_+Cl,0.0,0.0,144.05622530195583,0.06267353416998589,0.10838120455140854,9AA,positive
adduct_+H,0.17982309409760336,0.01810337631384984,141.8582931371517,0.143650958042418,0.05173225148213189,9AA,positive
adduct_+K,1.9234566175623756e-06,0.0,144.14530185159254,0.06075848216615353,0.05239000420282015,9AA,positive
adduct_+Na,0.03706851628972537,0.04545084721912174,136.13902980723506,0.10848916151046908,0.37475461261213794,9AA,positive
adduct_-H,0.0,0.0032183915209405,144.05622530195646,0.06267353416998668,0.10838120455140854,9AA,positive
adduct_[M]+,0.1565910971983236,0.015361263322757335,144.38695854361018,0.0033610348767726945,0.048953246237223975,9AA,positive
adduct_[M]-,0.0,0.0,144.0562253019527,0.06267353416998675,0.10838120455140854,9AA,positive
pka_strongest_acidic,0.1823930762023132,0.024879684397122404,1181.0398169393397,5.1539655085035746e-05,0.0027545706436071667,9AA,positive
pka_strongest_basic,0.047322759758253244,0.017870246841686033,1173.9073974750133,0.09084407166780498,0.010941333773237898,9AA,positive
polar_surface_area,0.17645919239718974,0.034928510640092725,1171.4117244167237,0.04757677672891805,0.04049226290196563,9AA,positive
polarizability,0.11668108902834917,0.030658476272119373,1184.9487507591848,0.08053026420561923,0.12235366748882492,9AA,positive
acceptor_count,0.014119335583018103,0.008695241654413266,1170.4657377117246,0.054093256891464804,0.022325421328636814,9AA,positive
donor_count,0.07631060508036598,0.014941388410781187,1159.9521500082064,0.14895684855583585,0.03963376376355892,9AA,positive
physiological_charge,0.013229310908240616,0.0020112543267050143,1061.5269451005856,0.09473426517781143,0.09598197789603785,9AA,positive
adduct_+Cl,0.0,0.009175827410277115,144.00126708117747,0.06168366933945958,0.09918165133073412,CHCA,negative
adduct_+H,0.0,0.018026309420921205,144.0012670811798,0.061683669339459436,0.09918165133073412,CHCA,negative
adduct_+K,0.0,0.032233025794776715,144.00126708117966,0.06168366933945881,0.09918165133073412,CHCA,negative
adduct_+Na,0.0,0.017752318196878836,144.00126708117946,0.06168366933945876,0.09918165133073412,CHCA,negative
adduct_-H,0.11503588176643526,0.07653038022812719,121.81246304480166,0.3317807856870534,0.5008877908786312,CHCA,negative
adduct_[M]+,0.0,0.00894292643399286,144.00126708117915,0.06168366933945889,0.09918165133073412,CHCA,negative
adduct_[M]-,0.025525252701379827,0.02235172259539908,144.7689325289533,0.023362438989759215,0.004979534224960651,CHCA,negative
pka_strongest_acidic,0.19102482604693724,0.03847455377533837,1161.3399993605578,0.1279821481372574,0.1432666036130358,CHCA,negative
pka_strongest_basic,0.060813875051423945,0.0019404901131592212,1180.970691125384,0.003784774196107305,0.04878642722268495,CHCA,negative
polar_surface_area,0.260595112784994,0.023411173526151074,1137.460010747048,0.17217296577173624,0.1817556163896347,CHCA,negative
polarizability,0.17032446201929283,0.03244009789119939,1182.5307622972323,0.11456271298777775,0.07180640071370949,CHCA,negative
acceptor_count,0.03721088767597389,0.011349962389585855,1140.0256358323961,0.16581445099800804,0.17920292260986592,CHCA,negative
donor_count,0.09105375149119935,0.022346171698930384,1159.8830709585145,0.1437316734171519,0.13286856653352536,CHCA,negative
physiological_charge,0.04841595046236381,0.01948154244221545,1029.954770755185,0.16333816069095058,0.21250276709588536,CHCA,negative
adduct_+Cl,0.0031663328553106105,0.050867924439453205,140.32195703336146,0.1418280385671469,0.24206709238137872,CHCA,positive
adduct_+H,0.13914029137785316,0.07667358508989652,130.98401176951074,0.2677261169641122,0.3356472701067243,CHCA,positive
adduct_+K,0.006863972371537766,0.059763985769743844,143.98632755803766,0.0478771489449558,0.1299482176401811,CHCA,positive
adduct_+Na,0.13247647933584544,0.08209682144619279,125.88935351645397,0.2924235378501191,0.41986033577598575,CHCA,positive
adduct_-H,0.0,0.0398043466438085,140.32195703335353,0.14182803856714588,0.24206709238137872,CHCA,positive
adduct_[M]+,0.01840470761310025,0.0009553262096426707,141.95016263028663,0.08678839016784101,0.15925454637875508,CHCA,positive
adduct_[M]-,0.0,0.023225802842059107,140.32195703335813,0.14182803856714535,0.24206709238137872,CHCA,positive
pka_strongest_acidic,0.08068650196915138,0.0,1181.4433486571631,0.022202110252723686,0.0391195673556997,CHCA,positive
pka_strongest_basic,0.15573409514761716,0.006195544070691561,1156.1347776609982,0.06036962894446206,0.10731921060145615,CHCA,positive
polar_surface_area,0.14615056513128769,0.007406269703587931,1162.2152793589596,0.054917889257796795,0.11280932524963429,CHCA,positive
polarizability,0.17898371347450848,0.01934894964663947,1180.5239275644572,0.11841984201539707,0.0888843063929663,CHCA,positive
acceptor_count,0.019984135601109454,0.023834310968974037,1164.070185594944,0.0416462991734359,0.09172265511059885,CHCA,positive
donor_count,0.0720311025887467,0.0489657539553896,1170.7986808290752,0.01601038448154513,0.08032386217279128,CHCA,positive
physiological_charge,0.04637810253393201,0.02161195178220776,1064.884505038829,0.07611691933638506,0.03981552953636075,CHCA,positive
adduct_+Cl,0.0030261057200804994,0.0,144.5522220371787,0.04098989195551043,0.04025837024606377,CMBT,negative
adduct_+H,0.0,0.002665229633597832,144.4225804983949,0.045367988561804976,0.06914719151903223,CMBT,negative
adduct_+K,0.0,0.030543162737894036,144.42258049839313,0.045367988561804906,0.06914719151903223,CMBT,negative
adduct_+Na,0.0,0.035395826488496596,144.42258049839128,0.04536798856180551,0.06914719151903223,CMBT,negative
adduct_-H,0.24474575355979894,0.019717037595774478,137.80717155081277,0.2047483705827565,0.26857924738843036,CMBT,negative
adduct_[M]+,0.0,0.0,144.42258049838787,0.045367988561805565,0.06914719151903223,CMBT,negative
adduct_[M]-,0.06519381938878903,0.011127394452695505,144.26876793865242,0.01771347561997528,0.04826788893376232,CMBT,negative
pka_strongest_acidic,0.2562126843431004,0.05417620452148064,1164.3548582287483,0.12117603276706747,0.06892107727918662,CMBT,negative
pka_strongest_basic,0.07845278552003375,0.03857557969194669,1182.7074876845263,0.002184015872677068,0.03371612746006338,CMBT,negative
polar_surface_area,0.08318333264181589,0.018849744299362037,1168.5747611536844,0.08580683261398982,0.10169057304852425,CMBT,negative
polarizability,0.18633476765443138,0.0,1188.140752079287,0.08931741085687267,0.07363622634855531,CMBT,negative
acceptor_count,0.005291328378050468,0.0,1168.6123767457907,0.08334395133382722,0.10251012855834295,CMBT,negative
donor_count,0.029519370479139367,0.0,1181.8202495514195,0.05938901865218589,0.06443807231007445,CMBT,negative
physiological_charge,0.04804005231476016,0.0,1062.3234358578588,0.07385761201278747,0.10569947866130601,CMBT,negative
adduct_+Cl,0.0,0.04060098983217708,142.8094484127692,0.09599381779334114,0.188993972662323,CMBT,positive
adduct_+H,0.05380919755720303,0.04082991567390293,141.6074942131559,0.1358782364168763,0.2341449767036683,CMBT,positive
adduct_+K,0.0011543101365441468,0.035858087334480704,144.19792642266123,0.06640733902214663,0.027719186657616576,CMBT,positive
adduct_+Na,0.10282953315767053,0.07215608727393708,129.14083998742544,0.2676837372928077,0.41268727898571983,CMBT,positive
adduct_-H,0.0,0.020693611201502815,142.8094484127643,0.09599381779334175,0.188993972662323,CMBT,positive
adduct_[M]+,0.03403663276127007,0.04860534263958716,144.35264490257637,0.04917318130751483,0.10756952436003556,CMBT,positive
adduct_[M]-,0.0,0.02012297037203492,142.8094484127679,0.09599381779334215,0.188993972662323,CMBT,positive
pka_strongest_acidic,0.10151330020989215,0.03509232356483327,1181.0189556606022,0.008664273036681673,0.016359432248856106,CMBT,positive
pka_strongest_basic,0.09188884059117933,0.01671329110798503,1178.435146082828,0.04600262288146692,0.07327697760821421,CMBT,positive
polar_surface_area,0.11314073143300145,0.03572883115844849,1176.4924914114297,0.02138569311858396,0.046165818920535485,CMBT,positive
polarizability,0.3369117449656887,0.037605889267194215,1138.7656254063613,0.20729591701721012,0.17200734802530016,CMBT,positive
acceptor_count,0.06275495061144891,0.0029292656832371478,1176.438521345462,0.006893979968831184,0.02366456086630359,CMBT,positive
donor_count,0.05473362042733681,0.0,1180.2817439760724,0.06696516291795347,0.012915515493681784,CMBT,positive
physiological_charge,0.047227138148765,0.0,1065.4996695008138,0.06955575491231356,0.12181224022405196,CMBT,positive
adduct_+Cl,0.0,0.0,144.42652414150635,0.04207142839581736,0.06914719151903223,ClCCA,negative
adduct_+H,0.0,0.0040166818608460275,144.42652414150749,0.042071428395816735,0.06914719151903223,ClCCA,negative
adduct_+K,0.0,0.020868230799794496,144.42652414150655,0.04207142839581629,0.06914719151903223,ClCCA,negative
adduct_+Na,0.0,0.0,144.4265241415056,0.042071428395816776,0.06914719151903223,ClCCA,negative
adduct_-H,0.2570289957662965,0.035244682559670615,129.35486909410608,0.2524285703748989,0.4148831491141934,ClCCA,negative
adduct_[M]+,0.0,0.009932215671740963,144.42652414150382,0.04207142839581691,0.06914719151903223,ClCCA,negative
adduct_[M]-,0.0,0.01138322838933803,144.42652414150317,0.042071428395816284,0.06914719151903223,ClCCA,negative
pka_strongest_acidic,0.29095342980284106,0.0,1158.9762260683253,0.13769939764829078,0.11842335212186429,ClCCA,negative
pka_strongest_basic,0.0777170292275255,0.0,1183.45975180097,0.018648403971904346,0.02130827512099738,ClCCA,negative
polar_surface_area,0.14450421993237691,0.011427906699286616,1147.6997663399777,0.12674262740426484,0.1641300200179756,ClCCA,negative
polarizability,0.03689251984499002,0.0,1182.46272207471,0.11002132584716781,0.08701270197336171,ClCCA,negative
acceptor_count,0.007523908786258899,0.0,1149.361322311305,0.12352954514061809,0.16765547835767952,ClCCA,negative
donor_count,0.143572702567112,0.0,1162.7693905464455,0.1130304100604182,0.13609749383191644,ClCCA,negative
physiological_charge,0.041807194072599196,0.045275926427090774,1048.3003761538719,0.09718474879227174,0.17002427627462288,ClCCA,negative
adduct_+Cl,0.0,0.05735398835434502,141.7677408753857,0.1169297019029343,0.22661184017472363,ClCCA,positive
adduct_+H,0.06122439176688986,0.03416112883531763,140.72839951676482,0.14325504701678052,0.27281617945195186,ClCCA,positive
adduct_+K,0.00986035081459174,0.021658361856464303,144.23063826751226,0.01238450819476439,0.15787662954751247,ClCCA,positive
adduct_+Na,0.10888751771321153,0.06393712073868052,128.94548570771423,0.28531661316484463,0.39287380658677296,ClCCA,positive
adduct_-H,0.0,0.06462574727937032,141.76774087538794,0.11692970190293467,0.22661184017472363,ClCCA,positive
adduct_[M]+,0.027545086337243743,0.047280736819853786,143.71467240955891,0.06539804627805693,0.14373109506206633,ClCCA,positive
adduct_[M]-,0.0,0.04437531418502605,141.76774087538695,0.11692970190293472,0.22661184017472363,ClCCA,positive
pka_strongest_acidic,0.1566707824915,0.024661109374753742,1180.7841165110008,0.019801388990293586,0.03326580374296511,ClCCA,positive
pka_strongest_basic,0.11325983463457313,0.01194666905999675,1175.9680086299365,0.004107507279224076,0.08403745762660626,ClCCA,positive
polar_surface_area,0.08240264615083191,0.021079809711526565,1163.8891426732819,0.07141421069072315,0.13099583485161098,ClCCA,positive
polarizability,0.3131595453618464,0.02326400712602439,1146.895574326666,0.19163631994420977,0.15485390022717813,ClCCA,positive
acceptor_count,0.04798544344489466,0.0,1166.2553859977577,0.056225685282720955,0.1102681968277505,ClCCA,positive
donor_count,0.04297749644570841,0.02094357401268354,1178.1609033078537,0.019814296427900693,0.09110618792798562,ClCCA,positive
physiological_charge,0.03602690483870871,0.03555010357227406,1068.8676245722036,0.04938886957374353,0.025044693079375957,ClCCA,positive
adduct_+Cl,0.00035437726280519705,0.002775889345443705,143.73224773818143,0.08290643761681835,0.005378648830302841,DAN,negative
adduct_+H,0.0,0.03335305096472485,142.77117203576907,0.10042309459978349,0.14737497795029783,DAN,negative
adduct_+K,0.0,0.023156765016550285,142.77117203576938,0.10042309459978399,0.14737497795029783,DAN,negative
adduct_+Na,0.0,0.010827011971215494,142.7711720357697,0.10042309459978416,0.14737497795029783,DAN,negative
adduct_-H,0.47680738634393166,0.15723149008293946,86.37751430174228,0.5537347581026797,0.6641708342015259,DAN,negative
adduct_[M]+,0.0,0.0018809630031939584,142.77117203576995,0.10042309459978352,0.14737497795029783,DAN,negative
adduct_[M]-,0.01106994511677597,0.01256969145621456,144.11275145862788,0.06913594208672368,0.08004957123063731,DAN,negative
pka_strongest_acidic,0.16856023993601102,0.022073195360579057,1165.5793418829007,0.06990405857333022,0.011706702213894209,DAN,negative
pka_strongest_basic,0.027126943245014922,0.02193954914356855,1178.1391687488165,0.05912680027209615,0.05712580528077979,DAN,negative
polar_surface_area,0.025546807312143708,0.038158039074617456,1168.9546743079818,0.09144700117603317,0.08895482824384288,DAN,negative
polarizability,0.16518976086711643,0.024935251261987368,1192.8609083774468,0.034297093729666356,0.01696184651785817,DAN,negative
acceptor_count,0.0008030174217651035,0.037473296107546794,1169.642992280867,0.08346234014242157,0.0836999774670061,DAN,negative
donor_count,0.11442076168436038,0.0,1175.7828553842337,0.09175915004953872,0.11108447581183288,DAN,negative
physiological_charge,0.01012076081007546,0.025953671640125187,1068.1422165857284,0.05569503846639119,0.01131907873636177,DAN,negative
adduct_+Cl,0.0,0.01669315822484574,142.77614046075195,0.09309390307354168,0.1699386003187641,DAN,positive
adduct_+H,0.047392274266121914,0.0,143.25048052413493,0.0986032610472573,0.16227125222745895,DAN,positive
adduct_+K,0.0002856940483486945,0.022053200141396,143.77277219361332,0.07750165213212741,0.002810980075202795,DAN,positive
adduct_+Na,0.1366856248866958,0.07837823784870945,117.2035086428935,0.30922738238569514,0.47294168427873373,DAN,positive
adduct_-H,0.0033172391042230035,0.0,142.77614046075365,0.09309390307354129,0.1699386003187641,DAN,positive
adduct_[M]+,0.04966193938997561,0.0,143.5356292868002,0.05104728208019742,0.1225861554746975,DAN,positive
adduct_[M]-,0.0,0.02296868880558467,142.77614046075004,0.09309390307354175,0.1699386003187641,DAN,positive
pka_strongest_acidic,0.16478772712434,0.01838810142945757,1181.9771571008437,0.003737743953370927,0.032163338482217536,DAN,positive
pka_strongest_basic,0.0536942273390689,0.02165515420687747,1172.817683422361,0.039454910269978556,0.08623836091464508,DAN,positive
polar_surface_area,0.2083360429636784,0.02576374197063025,1176.8569307132143,0.0011543354583312263,0.013060826064679792,DAN,positive
polarizability,0.17781282070469565,0.018906642879350066,1172.8737757963315,0.1450012536025716,0.08717280878935006,DAN,positive
acceptor_count,0.05128147652010987,0.0,1175.591564163126,0.019197341427578965,0.008470604978341243,DAN,positive
donor_count,0.053658844153485895,0.012655558355916696,1171.0710029639442,0.10278778826132076,0.028324529137491405,DAN,positive
physiological_charge,0.053086089499256285,0.05215490000890988,1058.7246899770778,0.10032029908921533,0.1534355159602438,DAN,positive
adduct_+Cl,3.4600730657877125e-05,0.0,144.22319526443044,0.051715962995344596,0.07789301487790386,DHAP,negative
adduct_+H,0.0,0.0,144.16216237899476,0.053017132536160416,0.09838504868733747,DHAP,negative
adduct_+K,0.0,0.013133149400142319,144.16216237899485,0.053017132536160645,0.09838504868733747,DHAP,negative
adduct_+Na,0.0,0.0,144.1621623789949,0.05301713253616117,0.09838504868733747,DHAP,negative
adduct_-H,0.15838051116457544,0.10471264496006416,120.86196639134415,0.3144863629032588,0.5489679721658318,DHAP,negative
adduct_[M]+,0.0,0.02099104374063865,144.1621623789949,0.0530171325361608,0.09838504868733747,DHAP,negative
adduct_[M]-,0.0001962319720347397,0.040658681320844714,144.2666804719259,0.05070186976327309,0.0775347625385781,DHAP,negative
pka_strongest_acidic,0.20498245245717986,0.0,1165.9779631490007,0.11391010776199174,0.021678679640787932,DHAP,negative
pka_strongest_basic,0.05172736514011443,0.0,1183.8578741123,0.003350407145711627,0.0075824614464239685,DHAP,negative
polar_surface_area,0.1778271284330028,0.017901920793838677,1161.7253382541264,0.10661397871392445,0.09182136047360732,DHAP,negative
polarizability,0.34966275975966365,0.02299901140491656,1179.6877809465393,0.1235246731084435,0.04012038031334216,DHAP,negative
acceptor_count,0.004948291254535612,0.0,1163.3075475429762,0.09788152908134583,0.08999325907732501,DHAP,negative
donor_count,0.04772529231188625,0.00785279872933664,1175.7280921887984,0.08544373902001016,0.08385291847320445,DHAP,negative
physiological_charge,0.004515366776349385,0.013247117385754237,1062.81808375108,0.05698496735523088,0.08032638626707468,DHAP,negative
adduct_+Cl,0.004447110132684712,0.04203610545235925,142.7412323554685,0.09195241187059115,0.18093617266278753,DHAP,positive
adduct_+H,0.12082452291471453,0.02239386901324636,143.16769505012735,0.07244415677197591,0.182126973461015,DHAP,positive
adduct_+K,0.013429328950739752,0.024152293507544886,144.58879831632294,0.0274351096849857,0.08518049379614503,DHAP,positive
adduct_+Na,0.13267936911700215,0.06246125154999671,129.1005726358051,0.2837057201518313,0.3865404939714254,DHAP,positive
adduct_-H,0.0,0.0278162870445966,142.7412323554713,0.09195241187059038,0.18093617266278753,DHAP,positive
adduct_[M]+,0.020056169695064636,0.03803077619702222,144.14407643684265,0.052857531627052375,0.11103944324022294,DHAP,positive
adduct_[M]-,0.0,0.03050374621292251,142.74123235547248,0.09195241187059129,0.18093617266278753,DHAP,positive
pka_strongest_acidic,0.23993595467194848,0.0,1181.9221077036777,0.00909314016823056,0.04987190655137789,DHAP,positive
pka_strongest_basic,0.038444690647968495,0.02040055410028163,1177.7743090377,0.06527572455872487,0.034896679016629704,DHAP,positive
polar_surface_area,0.09386605805624877,0.026889252217974224,1176.8359092064215,0.013740621716150698,0.016267744970189985,DHAP,positive
polarizability,0.2584590970590449,0.026248104357119217,1136.26572753983,0.20260191840913216,0.1841707554312989,DHAP,positive
acceptor_count,0.013225967487871873,0.025632644379714797,1176.6990582616531,0.005776182285862418,0.0076860596995321235,DHAP,positive
donor_count,0.039618558529082845,0.0014253793184293428,1176.122215851132,0.09169026052397518,0.02431579567544825,DHAP,positive
physiological_charge,0.025013172737628875,0.0,1062.8762376077848,0.0807693373172806,0.14302133603001807,DHAP,positive
adduct_+Cl,0.0,0.030827066190060037,144.03751793845828,0.062079102372461586,0.09432224361152625,DHB,negative
adduct_+H,0.0,0.014358154272146706,144.03751793846098,0.062079102372461385,0.09432224361152625,DHB,negative
adduct_+K,0.0,0.04064624127862082,144.03751793846112,0.06207910237246116,0.09432224361152625,DHB,negative
adduct_+Na,0.0,0.05394465236995316,144.03751793846124,0.06207910237246177,0.09432224361152625,DHB,negative
adduct_-H,0.15657238958530334,0.10656576339301793,120.23932417556374,0.35284975949307246,0.5007636748109372,DHB,negative
adduct_[M]+,0.0,0.011356446836214396,144.0375179384612,0.0620791023724614,0.09432224361152625,DHB,negative
adduct_[M]-,0.00707509250553747,0.03687633163753912,144.59596850014273,0.042454247630764406,0.02915245675330604,DHB,negative
pka_strongest_acidic,0.1736284066490092,0.017601030377079496,1161.839760284505,0.12902528469529279,0.12364235642689905,DHB,negative
pka_strongest_basic,0.026392213080009563,0.0,1183.860951436585,0.002760123598458953,0.03797593333257985,DHB,negative
polar_surface_area,0.4186900544628211,0.0,1124.5343396965118,0.19159673838060667,0.19590218963443912,DHB,negative
polarizability,0.0962009994765302,0.0,1174.883636775876,0.13851399830090955,0.08791411919646452,DHB,negative
acceptor_count,0.03657388238343579,0.020829846014045472,1127.1732099248593,0.1859787703556354,0.19239860887255808,DHB,negative
donor_count,0.06252140613285284,0.03983858063186663,1148.5998372857675,0.16337469605609525,0.1519151077631772,DHB,negative
physiological_charge,0.0223455557245007,0.046693686521005695,1038.1285669766264,0.14056639347741784,0.20190004440163656,DHB,negative
adduct_+Cl,0.0,0.0594693969165494,139.95375392821995,0.1467543691191623,0.25636569302472195,DHB,positive
adduct_+H,0.092885812700115,0.027711786899655255,136.13150091739706,0.193600994321939,0.31565048002459056,DHB,positive
adduct_+K,0.007358610927653504,0.03200861387741005,143.9249762266639,0.05387148213512573,0.12012180882746364,DHB,positive
adduct_+Na,0.1958779554778645,0.10376671316284947,118.4519040714697,0.3796494459864014,0.47699470694747015,DHB,positive
adduct_-H,0.0,0.03593461232477768,139.95375392822012,0.1467543691191604,0.25636569302472195,DHB,positive
adduct_[M]+,0.02238080118522407,0.0,143.18447060276202,0.07911585081572871,0.1436699167253585,DHB,positive
adduct_[M]-,0.0,0.07408996081496255,139.95375392821796,0.14675436911916087,0.25636569302472195,DHB,positive
pka_strongest_acidic,0.10056092719230683,0.0,1181.9564939757504,0.007143285755226886,0.002185436869138259,DHB,positive
pka_strongest_basic,0.07653063158057487,0.007715911140565801,1167.5212706893637,0.014066717155349236,0.09412142760585113,DHB,positive
polar_surface_area,0.11662083704388534,0.0,1165.1883520810406,0.06899002069249156,0.08415041065719128,DHB,positive
polarizability,0.2705793818711425,0.013278217585137142,1148.2869179055995,0.19964401936489232,0.14585419707248087,DHB,positive
acceptor_count,0.014913999637154693,0.0,1166.2479671695394,0.05751229982865743,0.060648512993021965,DHB,positive
donor_count,0.05670468867476404,0.0,1173.735836034309,0.028168637594967114,0.04841723416152062,DHB,positive
physiological_charge,0.0455863537093147,0.06801438450646957,1065.5119185056312,0.07464004375730277,0.07664747586091676,DHB,positive
adduct_+Cl,0.055212549004172926,0.035998221197045766,144.12306617854088,0.02027254025496363,0.046789316314129,NEDC,negative
adduct_+H,0.0,0.02660795977006991,144.3952487652979,0.04181817832954945,0.07536373016286027,NEDC,negative
adduct_+K,0.0,0.0,144.39524876529913,0.04181817832954897,0.07536373016286027,NEDC,negative
adduct_+Na,0.0,0.0,144.3952487653004,0.041818178329549295,0.07536373016286027,NEDC,negative
adduct_-H,0.11042041571931194,0.026078681349137156,138.47079319282784,0.18185260184924393,0.27665383876352667,NEDC,negative
adduct_[M]+,0.0,0.012904521144712966,144.39524876530274,0.04181817832954937,0.07536373016286027,NEDC,negative
adduct_[M]-,0.0006493727334420049,0.01978583957910196,144.61473086982792,0.03485242878601148,0.02198823442621458,NEDC,negative
pka_strongest_acidic,0.06969461297762322,0.0,1179.6967825781217,0.037078386079734564,0.032199223345682156,NEDC,negative
pka_strongest_basic,0.09970357782529549,0.02829011088602229,1181.7292269742309,0.016553183627069805,0.06678745860088306,NEDC,negative
polar_surface_area,0.07050972139351105,0.02266724142983012,1170.5242330739234,0.06752655504094003,0.10467122040598749,NEDC,negative
polarizability,0.550166251689682,0.0,1167.6863976380441,0.1223017910429646,0.13829031833063232,NEDC,negative
acceptor_count,0.0028978447967372327,0.004555025167523041,1171.5791745543404,0.05586970741703307,0.09800331016843712,NEDC,negative
donor_count,0.01651300915056312,0.02764523277435238,1184.2074742372392,0.03674825682424432,0.04961919316261169,NEDC,negative
physiological_charge,0.02423264470966102,0.003392235595673476,1069.0463341116365,0.028432511028638658,0.10006375987756548,NEDC,negative
adduct_+Cl,0.0,0.002430352267539959,144.2236522805433,0.051031327660999576,0.09096750766079592,NEDC,positive
adduct_+H,0.31252200260712815,0.030435253918162708,143.38792284844612,0.10049364800169802,0.14760112506753825,NEDC,positive
adduct_+K,7.854451452943063e-05,0.0,144.4369204059823,0.04449192258889519,0.024510475965239815,NEDC,positive
adduct_+Na,0.05040834634778037,0.0,139.08446257479014,0.1188388963249158,0.2171916529061015,NEDC,positive
adduct_-H,0.001459628659499106,0.029139092917714216,144.22365228054292,0.05103132766099997,0.09096750766079592,NEDC,positive
adduct_[M]+,0.026103771945135145,0.008447746635353859,144.77276671770773,0.021746638754716087,0.0673797790260122,NEDC,positive
adduct_[M]-,0.0,0.0,144.22365228054747,0.05103132766100028,0.09096750766079592,NEDC,positive
pka_strongest_acidic,0.18660529359322714,0.028731400259185413,1181.714285119666,0.009952028897640184,0.001278966698558677,NEDC,positive
pka_strongest_basic,0.08489930339744575,0.0,1177.4846954764512,0.07333543543405564,0.028912810960142175,NEDC,positive
polar_surface_area,0.07141199558861697,0.00894460670718722,1178.3061413874184,0.020748781216829642,0.017183452835400397,NEDC,positive
polarizability,0.1863104701622413,0.03114696606157974,1176.278707323023,0.1109323485349953,0.16087857895081586,NEDC,positive
acceptor_count,0.0155573087550829,0.0,1176.0317527239397,0.038072261864497074,0.01721586448666167,NEDC,positive
donor_count,0.04058595815667959,0.0,1170.1018774506867,0.11307352676114506,0.07046776001920045,NEDC,positive
physiological_charge,0.02405737627263419,0.0,1066.0162205782701,0.05907747804749587,0.09157947964759484,NEDC,positive
adduct_+Cl,4.6413650118825735e-05,0.0,143.4100144945613,0.09281506398519324,0.027817531502678412,NOR,negative
adduct_+H,0.0,0.02668313492655372,142.90128742556638,0.10090792192508036,0.14616696942275634,NOR,negative
adduct_+K,0.002704231094132207,0.0008856584986780547,142.90128742556624,0.10090792192507983,0.14616696942275634,NOR,negative
adduct_+Na,0.0,0.0,142.90128742556627,0.10090792192507973,0.14616696942275634,NOR,negative
adduct_-H,0.35390728757120643,0.11534215123144609,95.39101298126106,0.5304147717229093,0.6383361092428302,NOR,negative
adduct_[M]+,0.0,0.0,142.90128742556638,0.10090792192508062,0.14616696942275634,NOR,negative
adduct_[M]-,0.034856035276460924,0.0,144.6179068185167,0.03396802003740008,0.025850700049126533,NOR,negative
pka_strongest_acidic,0.09555698181546894,0.01737148282178058,1158.6268659097848,0.13515016554628584,0.04875373295408614,NOR,negative
pka_strongest_basic,0.05805327823445962,0.011923079719540652,1182.6694943102557,0.008810761247236173,0.031829617347906035,NOR,negative
polar_surface_area,0.17007853537081044,0.015863385015586928,1138.3933377510791,0.1798366437290692,0.16237708125511244,NOR,negative
polarizability,0.07380367302503091,0.01831968348683244,1191.4018331874342,0.07673928800971694,0.06465558288557544,NOR,negative
acceptor_count,0.017316022921548362,0.04168785367075145,1140.3819425482354,0.17454349895018054,0.15736728861678695,NOR,negative
donor_count,0.007560226619048658,0.023872262267987665,1153.1373789940717,0.16197042639397582,0.16102355139186664,NOR,negative
physiological_charge,0.18611731442171475,0.05120861362540552,1035.1806328859577,0.18225127805355837,0.08909012790493112,NOR,negative
adduct_+Cl,0.0,0.05221852876224409,143.28679764542838,0.08847843910833025,0.1449530210789794,NOR,positive
adduct_+H,0.05529702512540239,0.0,143.13196778981523,0.10879690606460118,0.08147601852168108,NOR,positive
adduct_+K,4.152596735265162e-05,0.010120440755617022,143.677916389696,0.08174314709559083,0.03775214598907085,NOR,positive
adduct_+Na,0.10188704869053074,0.08130296931387493,122.00764215408356,0.2786171511535662,0.48191059332512765,NOR,positive
adduct_-H,0.0,0.026106848900240287,143.28679764542284,0.08847843910832977,0.1449530210789794,NOR,positive
adduct_[M]+,0.06226878733513771,0.0,143.87862777713116,0.0402355927975841,0.09077540262079968,NOR,positive
adduct_[M]-,0.0,0.005076442801361214,143.28679764542557,0.08847843910832975,0.1449530210789794,NOR,positive
pka_strongest_acidic,0.13148611541041946,0.0005246942195720194,1181.8880478455765,0.0001413889250178104,0.009706622814589155,NOR,positive
pka_strongest_basic,0.05908239041556619,0.024701381483577478,1174.7983420050366,0.056046381511806305,0.05205138744783192,NOR,positive
polar_surface_area,0.23863963660038098,0.018086128692655024,1171.6814471137343,0.004195186882697741,0.08710912592303313,NOR,positive
polarizability,0.18250804995387104,0.028629890312331874,1174.6301402232377,0.13141579117542646,0.1364366419792083,NOR,positive
acceptor_count,0.032571003442296874,0.0,1171.5174938929738,0.00627063745820339,0.06954496983120143,NOR,positive
donor_count,0.10869752229127025,0.00925548255357711,1172.238364507778,0.09229915421227548,0.037416050778968576,NOR,positive
physiological_charge,0.02752089476777172,0.025993488346188975,1065.6716886211132,0.07348911699988654,0.06109235581536323,NOR,positive
adduct_+Cl,2.3468131832325256e-06,0.01953200407551936,143.92184339231687,0.06120509265678691,0.07831206120984821,pNA,negative
adduct_+H,0.0,0.014192488029102002,143.8221295853082,0.06286552435052203,0.11980599040636064,pNA,negative
adduct_+K,0.0,0.015044812613716818,143.82212958530658,0.0628655243505212,0.11980599040636064,pNA,negative
adduct_+Na,0.0,0.0019235624501976467,143.82212958530445,0.06286552435052173,0.11980599040636064,pNA,negative
adduct_-H,0.1415909490633753,0.053306802075541615,120.34929023381433,0.2965843400957573,0.5435538809359206,pNA,negative
adduct_[M]+,0.0,0.0,143.82212958530116,0.06286552435052196,0.11980599040636064,pNA,negative
adduct_[M]-,0.12595595249629005,0.0,144.81276076879163,0.016082849963114116,0.01398214189937005,pNA,negative
pka_strongest_acidic,0.11918830280685828,0.0,1172.8184964345912,0.0867308175665331,0.02902494437208204,pNA,negative
pka_strongest_basic,0.1706642385617214,0.0,1183.1381531480424,0.01880310686567462,0.04080786098783108,pNA,negative
polar_surface_area,0.08726513737073985,0.005212434016451439,1161.7045400719192,0.1194443933737944,0.10774900102247298,pNA,negative
polarizability,0.1598062232302158,0.0,1193.3882295939045,0.0573466065343793,0.013116417039709324,pNA,negative
acceptor_count,0.04003593033933868,0.0,1161.3485416025137,0.1171932008629164,0.11312696629073751,pNA,negative
donor_count,0.06145576926443878,0.01728436578902226,1175.157320356033,0.095900683225921,0.10882090612432407,pNA,negative
physiological_charge,0.09403515005383863,0.01580123654577026,1051.719133701625,0.1358102853058067,0.06726655627568237,pNA,negative
adduct_+Cl,0.0,0.050011834181765025,142.0455467897487,0.1117448545760045,0.2010931758589129,pNA,positive
adduct_+H,0.06759447415598337,0.0,139.99599734290882,0.15840121687879238,0.2151685794592131,pNA,positive
adduct_+K,0.004426667069108303,0.0,144.38143953661458,0.04140753558676873,0.13776402974686866,pNA,positive
adduct_+Na,0.09642181048205348,0.07982935462785612,127.2421620793983,0.2557138583116833,0.38971782222796447,pNA,positive
adduct_-H,0.0,0.04225817335227511,142.04554678975097,0.1117448545760046,0.2010931758589129,pNA,positive
adduct_[M]+,0.08951947068430763,0.005255298990266777,142.59826227775395,0.03747297587569387,0.13937090385730758,pNA,positive
adduct_[M]-,0.0,0.0557853500441432,142.04554678975407,0.111744854576004,0.2010931758589129,pNA,positive
pka_strongest_acidic,0.14300747726571433,0.007847683315961973,1181.8597600738192,0.011112362200660201,0.006340911164432858,pNA,positive
pka_strongest_basic,0.12092876730660798,0.0,1170.7059550355311,0.017444350247222906,0.10742693978962056,pNA,positive
polar_surface_area,0.08482625873975738,0.0027706586127695942,1161.4311974525729,0.011570737352917096,0.07297590451521344,pNA,positive
polarizability,0.20035420270033333,0.0032214989601264676,1164.9350456837358,0.14284016001557626,0.13071316670842878,pNA,positive
acceptor_count,0.04551535743829259,0.0,1162.0444782935278,0.0010911191870090807,0.05503858708550102,pNA,positive
donor_count,0.056193075060289435,0.0231747796049957,1168.7591571744763,0.07999896626574136,0.018149641169882113,pNA,positive
physiological_charge,0.0912124390975522,0.0,1058.680979229866,0.10930077293532166,0.11581529851355056,pNA,positive
